setup core,runtime core,frequency,coverage,event,count,time
0,0,300000,100%,raw-ase-spec,50,0.005052
0,0,300000,100%,raw-br-immed-retired,"32,133",0.005052
0,0,300000,100%,raw-br-immed-spec,"32,133",0.005052
0,0,300000,100%,raw-br-indirect-spec,241,0.005052
0,0,300000,100%,raw-br-mis-pred,"4,267",0.005052
0,0,300000,100%,raw-br-mis-pred-retired,"4,318",0.005052
0,0,300000,100%,raw-br-pred,"30,191",0.004946
0,0,300000,100%,raw-br-retired,"34,871",0.004946
0,0,300000,100%,raw-br-return-retired,"2,282",0.004946
0,0,300000,100%,raw-br-return-spec,"2,282",0.004946
0,0,300000,100%,raw-bus-access,"61,896",0.004946
0,0,300000,100%,raw-bus-access-normal,0,0.004946
0,0,300000,100%,raw-bus-access-not-shared,0,0.005104
0,0,300000,100%,raw-bus-access-periph,0,0.005104
0,0,300000,100%,raw-bus-access-rd,"38,869",0.005104
0,0,300000,100%,raw-bus-access-shared,0,0.005104
0,0,300000,100%,raw-bus-access-wr,"43,952",0.005104
0,0,300000,100%,raw-bus-cycles,"468,541",0.005104
0,0,300000,100%,raw-cid-write-retired,0,0.005228
0,0,300000,100%,raw-cnt-cycles,0,0.005228
0,0,300000,100%,raw-cpu-cycles,"446,046",0.005228
0,0,300000,100%,raw-crypto-spec,0,0.005228
0,0,300000,100%,raw-dmb-spec,0,0.005228
0,0,300000,100%,raw-dp-spec,"97,039",0.004854
0,0,300000,100%,raw-dsb-spec,0,0.004854
0,0,300000,100%,raw-dtlb-walk,66,0.004854
0,0,300000,100%,raw-exc-dabort,0,0.004854
0,0,300000,100%,raw-exc-fiq,0,0.004854
0,0,300000,100%,raw-exc-hvc,0,0.004854
0,0,300000,100%,raw-exc-irq,0,0.005093
0,0,300000,100%,raw-exc-pabort,0,0.005093
0,0,300000,100%,raw-exc-return,28,0.005093
0,0,300000,100%,raw-exc-smc,0,0.005093
0,0,300000,100%,raw-exc-svc,0,0.005093
0,0,300000,100%,raw-exc-taken,28,0.005093
0,0,300000,100%,raw-exc-trap-dabort,0,0.005177
0,0,300000,100%,raw-exc-trap-fiq,0,0.005177
0,0,300000,100%,raw-exc-trap-irq,0,0.005177
0,0,300000,100%,raw-exc-trap-other,0,0.005177
0,0,300000,100%,raw-exc-trap-pabort,0,0.005177
0,0,300000,100%,raw-exc-undef,0,0.005177
0,0,300000,100%,raw-inst-retired,"191,209",0.004958
0,0,300000,100%,raw-inst-spec,"203,429",0.004958
0,0,300000,100%,raw-isb-spec,0,0.004958
0,0,300000,100%,raw-itlb-walk,37,0.004958
0,0,300000,100%,raw-l1d-cache,"58,752",0.004958
0,0,300000,100%,raw-l1d-cache-allocate,0,0.004958
0,0,300000,100%,raw-l1d-cache-inval,0,0.004897
0,0,300000,100%,raw-l1d-cache-lmiss-rd,0,0.004897
0,0,300000,100%,raw-l1d-cache-rd,"48,222",0.004897
0,0,300000,100%,raw-l1d-cache-refill,"3,177",0.004897
0,0,300000,100%,raw-l1d-cache-refill-inner,"2,732",0.004897
0,0,300000,100%,raw-l1d-cache-refill-outer,650,0.004897
0,0,300000,100%,raw-l1d-cache-refill-rd,"2,443",0.004880
0,0,300000,100%,raw-l1d-cache-refill-wr,479,0.004880
0,0,300000,100%,raw-l1d-cache-wb,"3,620",0.004880
0,0,300000,100%,raw-l1d-cache-wb-clean,0,0.004880
0,0,300000,100%,raw-l1d-cache-wb-victim,0,0.004880
0,0,300000,100%,raw-l1d-cache-wr,"10,181",0.004880
0,0,300000,100%,raw-l1d-tlb,"60,683",0.004859
0,0,300000,100%,raw-l1d-tlb-rd,0,0.004859
0,0,300000,100%,raw-l1d-tlb-refill,"3,198",0.004859
0,0,300000,100%,raw-l1d-tlb-refill-rd,0,0.004859
0,0,300000,100%,raw-l1d-tlb-refill-wr,0,0.004859
0,0,300000,100%,raw-l1d-tlb-wr,0,0.004859
0,0,300000,100%,raw-l1i-cache,"154,188",0.005151
0,0,300000,100%,raw-l1i-cache-lmiss,0,0.005151
0,0,300000,100%,raw-l1i-cache-refill,"6,020",0.005151
0,0,300000,100%,raw-l1i-tlb,"301,980",0.005151
0,0,300000,100%,raw-l1i-tlb-refill,297,0.005151
0,0,300000,100%,raw-l2d-cache,"18,943",0.005151
0,0,300000,100%,raw-l2d-cache-allocate,"4,856",0.004885
0,0,300000,100%,raw-l2d-cache-inval,0,0.004885
0,0,300000,100%,raw-l2d-cache-lmiss-rd,0,0.004885
0,0,300000,100%,raw-l2d-cache-rd,"11,353",0.004885
0,0,300000,100%,raw-l2d-cache-refill,"7,225",0.004885
0,0,300000,100%,raw-l2d-cache-refill-rd,"7,147",0.004885
0,0,300000,100%,raw-l2d-cache-refill-wr,87,0.004900
0,0,300000,100%,raw-l2d-cache-wb,"8,058",0.004900
0,0,300000,100%,raw-l2d-cache-wb-clean,0,0.004900
0,0,300000,100%,raw-l2d-cache-wb-victim,0,0.004900
0,0,300000,100%,raw-l2d-cache-wr,"4,969",0.004900
0,0,300000,100%,raw-l2d-tlb,"3,421",0.004900
0,0,300000,100%,raw-l2d-tlb-rd,0,0.005073
0,0,300000,100%,raw-l2d-tlb-refill,106,0.005073
0,0,300000,100%,raw-l2d-tlb-refill-rd,0,0.005073
0,0,300000,100%,raw-l2d-tlb-refill-wr,0,0.005073
0,0,300000,100%,raw-l2d-tlb-wr,0,0.005073
0,0,300000,100%,raw-l2i-cache,0,0.005073
0,0,300000,100%,raw-l2i-cache-lmiss,0,0.005017
0,0,300000,100%,raw-l2i-cache-refill,0,0.005017
0,0,300000,100%,raw-l2i-tlb,0,0.005017
0,0,300000,100%,raw-l2i-tlb-refill,0,0.005017
0,0,300000,100%,raw-l3d-cache,"19,078",0.005017
0,0,300000,100%,raw-l3d-cache-allocate,"9,900",0.005017
0,0,300000,100%,raw-l3d-cache-inval,0,0.005028
0,0,300000,100%,raw-l3d-cache-lmiss-rd,0,0.005028
0,0,300000,100%,raw-l3d-cache-rd,"7,198",0.005028
0,0,300000,100%,raw-l3d-cache-refill,"2,253",0.005028
0,0,300000,100%,raw-l3d-cache-refill-rd,"2,253",0.005028
0,0,300000,100%,raw-l3d-cache-refill-wr,0,0.005028
0,0,300000,100%,raw-l3d-cache-wb,0,0.005140
0,0,300000,100%,raw-l3d-cache-wb-clean,0,0.005140
0,0,300000,100%,raw-l3d-cache-wb-victim,0,0.005140
0,0,300000,100%,raw-l3d-cache-wr,0,0.005140
0,0,300000,100%,raw-ld-retired,"39,053",0.005140
0,0,300000,100%,raw-ld-spec,"40,316",0.005140
0,0,300000,100%,raw-ldrex-spec,0,0.005139
0,0,300000,100%,raw-ldst-spec,"71,791",0.005139
0,0,300000,100%,raw-ll-cache,0,0.005139
0,0,300000,100%,raw-ll-cache-miss,0,0.005139
0,0,300000,100%,raw-ll-cache-miss-rd,"2,260",0.005139
0,0,300000,100%,raw-ll-cache-rd,"9,828",0.005139
0,0,300000,100%,raw-mem-access,"71,232",0.004997
0,0,300000,100%,raw-mem-access-rd,"45,970",0.004997
0,0,300000,100%,raw-mem-access-wr,"25,262",0.004997
0,0,300000,100%,raw-memory-error,0,0.004997
0,0,300000,100%,raw-op-retired,0,0.004997
0,0,300000,100%,raw-op-spec,0,0.004997
0,0,300000,100%,raw-pc-write-retired,"17,901",0.005200
0,0,300000,100%,raw-pc-write-spec,"37,002",0.005200
0,0,300000,100%,raw-rc-ld-spec,0,0.005200
0,0,300000,100%,raw-rc-st-spec,0,0.005200
0,0,300000,100%,raw-remote-access,0,0.005200
0,0,300000,100%,raw-remote-access-rd,0,0.005200
0,0,300000,100%,raw-sample-collision,0,0.005164
0,0,300000,100%,raw-sample-feed,0,0.005164
0,0,300000,100%,raw-sample-filtrate,0,0.005164
0,0,300000,100%,raw-sample-pop,0,0.005164
0,0,300000,100%,raw-st-retired,"20,218",0.005164
0,0,300000,100%,raw-st-spec,"23,495",0.005164
0,0,300000,100%,raw-stall,0,0.004952
0,0,300000,100%,raw-stall-backend,"140,066",0.004952
0,0,300000,100%,raw-stall-backend-mem,0,0.004952
0,0,300000,100%,raw-stall-frontend,"118,281",0.004952
0,0,300000,100%,raw-stall-slot,0,0.004952
0,0,300000,100%,raw-stall-slot-backend,0,0.004952
0,0,300000,100%,raw-stall-slot-frontend,0,0.004973
0,0,300000,100%,raw-strex-fail-spec,0,0.004973
0,0,300000,100%,raw-strex-pass-spec,0,0.004973
0,0,300000,100%,raw-strex-spec,0,0.004973
0,0,300000,100%,raw-sve-inst-retired,0,0.004973
0,0,300000,100%,raw-sve-inst-spec,0,0.004973
0,0,300000,100%,raw-sw-incr,0,0.004840
0,0,300000,100%,raw-ttbr-write-retired,0,0.004840
0,0,300000,100%,raw-unaligned-ld-spec,0,0.004840
0,0,300000,100%,raw-unaligned-ldst-retired,"1,651",0.004840
0,0,300000,100%,raw-unaligned-ldst-spec,0,0.004840
0,0,300000,100%,raw-unaligned-st-spec,0,0.004840
0,0,300000,100%,raw-vfp-spec,50,0.004782
0,0,1036800,100%,raw-ase-spec,50,0.001714
0,0,1036800,100%,raw-br-immed-retired,"32,043",0.001714
0,0,1036800,100%,raw-br-immed-spec,"32,043",0.001714
0,0,1036800,100%,raw-br-indirect-spec,241,0.001714
0,0,1036800,100%,raw-br-mis-pred,"4,211",0.001714
0,0,1036800,100%,raw-br-mis-pred-retired,"4,259",0.001714
0,0,1036800,100%,raw-br-pred,"30,861",0.001773
0,0,1036800,100%,raw-br-retired,"35,665",0.001773
0,0,1036800,100%,raw-br-return-retired,"2,340",0.001773
0,0,1036800,100%,raw-br-return-spec,"2,340",0.001773
0,0,1036800,100%,raw-bus-access,"70,256",0.001773
0,0,1036800,100%,raw-bus-access-normal,0,0.001773
0,0,1036800,100%,raw-bus-access-not-shared,0,0.001771
0,0,1036800,100%,raw-bus-access-periph,0,0.001771
0,0,1036800,100%,raw-bus-access-rd,"28,417",0.001771
0,0,1036800,100%,raw-bus-access-shared,0,0.001771
0,0,1036800,100%,raw-bus-access-wr,"32,816",0.001771
0,0,1036800,100%,raw-bus-cycles,"550,087",0.001771
0,0,1036800,100%,raw-cid-write-retired,0,0.001757
0,0,1036800,100%,raw-cnt-cycles,0,0.001757
0,0,1036800,100%,raw-cpu-cycles,"554,577",0.001757
0,0,1036800,100%,raw-crypto-spec,0,0.001757
0,0,1036800,100%,raw-dmb-spec,0,0.001757
0,0,1036800,100%,raw-dp-spec,"97,141",0.001851
0,0,1036800,100%,raw-dsb-spec,0,0.001851
0,0,1036800,100%,raw-dtlb-walk,136,0.001851
0,0,1036800,100%,raw-exc-dabort,0,0.001851
0,0,1036800,100%,raw-exc-fiq,0,0.001851
0,0,1036800,100%,raw-exc-hvc,0,0.001851
0,0,1036800,100%,raw-exc-irq,1,0.001788
0,0,1036800,100%,raw-exc-pabort,0,0.001788
0,0,1036800,100%,raw-exc-return,29,0.001788
0,0,1036800,100%,raw-exc-smc,0,0.001788
0,0,1036800,100%,raw-exc-svc,0,0.001788
0,0,1036800,100%,raw-exc-taken,29,0.001788
0,0,1036800,100%,raw-exc-trap-dabort,0,0.001791
0,0,1036800,100%,raw-exc-trap-fiq,0,0.001791
0,0,1036800,100%,raw-exc-trap-irq,0,0.001791
0,0,1036800,100%,raw-exc-trap-other,0,0.001791
0,0,1036800,100%,raw-exc-trap-pabort,0,0.001791
0,0,1036800,100%,raw-exc-undef,0,0.001791
0,0,1036800,100%,raw-inst-retired,"185,812",0.001729
0,0,1036800,100%,raw-inst-spec,"196,919",0.001729
0,0,1036800,100%,raw-isb-spec,0,0.001729
0,0,1036800,100%,raw-itlb-walk,41,0.001729
0,0,1036800,100%,raw-l1d-cache,"56,590",0.001729
0,0,1036800,100%,raw-l1d-cache-allocate,0,0.001729
0,0,1036800,100%,raw-l1d-cache-inval,0,0.001767
0,0,1036800,100%,raw-l1d-cache-lmiss-rd,0,0.001767
0,0,1036800,100%,raw-l1d-cache-rd,"45,614",0.001767
0,0,1036800,100%,raw-l1d-cache-refill,"2,822",0.001767
0,0,1036800,100%,raw-l1d-cache-refill-inner,"2,400",0.001767
0,0,1036800,100%,raw-l1d-cache-refill-outer,621,0.001767
0,0,1036800,100%,raw-l1d-cache-refill-rd,"2,445",0.001753
0,0,1036800,100%,raw-l1d-cache-refill-wr,470,0.001753
0,0,1036800,100%,raw-l1d-cache-wb,"3,579",0.001753
0,0,1036800,100%,raw-l1d-cache-wb-clean,0,0.001753
0,0,1036800,100%,raw-l1d-cache-wb-victim,0,0.001753
0,0,1036800,100%,raw-l1d-cache-wr,"10,229",0.001753
0,0,1036800,100%,raw-l1d-tlb,"59,267",0.001786
0,0,1036800,100%,raw-l1d-tlb-rd,0,0.001786
0,0,1036800,100%,raw-l1d-tlb-refill,"3,212",0.001786
0,0,1036800,100%,raw-l1d-tlb-refill-rd,0,0.001786
0,0,1036800,100%,raw-l1d-tlb-refill-wr,0,0.001786
0,0,1036800,100%,raw-l1d-tlb-wr,0,0.001786
0,0,1036800,100%,raw-l1i-cache,"145,425",0.001751
0,0,1036800,100%,raw-l1i-cache-lmiss,0,0.001751
0,0,1036800,100%,raw-l1i-cache-refill,"5,336",0.001751
0,0,1036800,100%,raw-l1i-tlb,"350,773",0.001751
0,0,1036800,100%,raw-l1i-tlb-refill,298,0.001751
0,0,1036800,100%,raw-l2d-cache,"16,534",0.001751
0,0,1036800,100%,raw-l2d-cache-allocate,"5,075",0.001801
0,0,1036800,100%,raw-l2d-cache-inval,0,0.001801
0,0,1036800,100%,raw-l2d-cache-lmiss-rd,0,0.001801
0,0,1036800,100%,raw-l2d-cache-rd,"11,573",0.001801
0,0,1036800,100%,raw-l2d-cache-refill,"7,340",0.001801
0,0,1036800,100%,raw-l2d-cache-refill-rd,"7,270",0.001801
0,0,1036800,100%,raw-l2d-cache-refill-wr,90,0.001792
0,0,1036800,100%,raw-l2d-cache-wb,"8,064",0.001792
0,0,1036800,100%,raw-l2d-cache-wb-clean,0,0.001792
0,0,1036800,100%,raw-l2d-cache-wb-victim,0,0.001792
0,0,1036800,100%,raw-l2d-cache-wr,"5,041",0.001792
0,0,1036800,100%,raw-l2d-tlb,"3,528",0.001792
0,0,1036800,100%,raw-l2d-tlb-rd,0,0.001832
0,0,1036800,100%,raw-l2d-tlb-refill,122,0.001832
0,0,1036800,100%,raw-l2d-tlb-refill-rd,0,0.001832
0,0,1036800,100%,raw-l2d-tlb-refill-wr,0,0.001832
0,0,1036800,100%,raw-l2d-tlb-wr,0,0.001832
0,0,1036800,100%,raw-l2i-cache,0,0.001832
0,0,1036800,100%,raw-l2i-cache-lmiss,0,0.001788
0,0,1036800,100%,raw-l2i-cache-refill,0,0.001788
0,0,1036800,100%,raw-l2i-tlb,0,0.001788
0,0,1036800,100%,raw-l2i-tlb-refill,0,0.001788
0,0,1036800,100%,raw-l3d-cache,"15,262",0.001788
0,0,1036800,100%,raw-l3d-cache-allocate,"7,999",0.001788
0,0,1036800,100%,raw-l3d-cache-inval,0,0.001898
0,0,1036800,100%,raw-l3d-cache-lmiss-rd,0,0.001898
0,0,1036800,100%,raw-l3d-cache-rd,"7,362",0.001898
0,0,1036800,100%,raw-l3d-cache-refill,"2,337",0.001898
0,0,1036800,100%,raw-l3d-cache-refill-rd,"2,337",0.001898
0,0,1036800,100%,raw-l3d-cache-refill-wr,0,0.001898
0,0,1036800,100%,raw-l3d-cache-wb,0,0.001755
0,0,1036800,100%,raw-l3d-cache-wb-clean,0,0.001755
0,0,1036800,100%,raw-l3d-cache-wb-victim,0,0.001755
0,0,1036800,100%,raw-l3d-cache-wr,0,0.001755
0,0,1036800,100%,raw-ld-retired,"38,895",0.001755
0,0,1036800,100%,raw-ld-spec,"40,103",0.001755
0,0,1036800,100%,raw-ldrex-spec,0,0.001784
0,0,1036800,100%,raw-ldst-spec,"61,916",0.001784
0,0,1036800,100%,raw-ll-cache,0,0.001784
0,0,1036800,100%,raw-ll-cache-miss,0,0.001784
0,0,1036800,100%,raw-ll-cache-miss-rd,"2,283",0.001784
0,0,1036800,100%,raw-ll-cache-rd,"7,205",0.001784
0,0,1036800,100%,raw-mem-access,"72,419",0.001792
0,0,1036800,100%,raw-mem-access-rd,"46,581",0.001792
0,0,1036800,100%,raw-mem-access-wr,"25,838",0.001792
0,0,1036800,100%,raw-memory-error,0,0.001792
0,0,1036800,100%,raw-op-retired,0,0.001792
0,0,1036800,100%,raw-op-spec,0,0.001792
0,0,1036800,100%,raw-pc-write-retired,"17,882",0.001789
0,0,1036800,100%,raw-pc-write-spec,"36,920",0.001789
0,0,1036800,100%,raw-rc-ld-spec,0,0.001789
0,0,1036800,100%,raw-rc-st-spec,0,0.001789
0,0,1036800,100%,raw-remote-access,0,0.001789
0,0,1036800,100%,raw-remote-access-rd,0,0.001789
0,0,1036800,100%,raw-sample-collision,0,0.001720
0,0,1036800,100%,raw-sample-feed,0,0.001720
0,0,1036800,100%,raw-sample-filtrate,0,0.001720
0,0,1036800,100%,raw-sample-pop,0,0.001720
0,0,1036800,100%,raw-st-retired,"18,822",0.001720
0,0,1036800,100%,raw-st-spec,"21,868",0.001720
0,0,1036800,100%,raw-stall,0,0.001783
0,0,1036800,100%,raw-stall-backend,"204,062",0.001783
0,0,1036800,100%,raw-stall-backend-mem,0,0.001783
0,0,1036800,100%,raw-stall-frontend,"187,441",0.001783
0,0,1036800,100%,raw-stall-slot,0,0.001783
0,0,1036800,100%,raw-stall-slot-backend,0,0.001783
0,0,1036800,100%,raw-stall-slot-frontend,0,0.001842
0,0,1036800,100%,raw-strex-fail-spec,0,0.001842
0,0,1036800,100%,raw-strex-pass-spec,0,0.001842
0,0,1036800,100%,raw-strex-spec,0,0.001842
0,0,1036800,100%,raw-sve-inst-retired,0,0.001842
0,0,1036800,100%,raw-sve-inst-spec,0,0.001842
0,0,1036800,100%,raw-sw-incr,0,0.001761
0,0,1036800,100%,raw-ttbr-write-retired,0,0.001761
0,0,1036800,100%,raw-unaligned-ld-spec,0,0.001761
0,0,1036800,100%,raw-unaligned-ldst-retired,"1,650",0.001761
0,0,1036800,100%,raw-unaligned-ldst-spec,0,0.001761
0,0,1036800,100%,raw-unaligned-st-spec,0,0.001761
0,0,1036800,100%,raw-vfp-spec,50,0.001669
0,0,1785600,100%,raw-ase-spec,50,0.001200
0,0,1785600,100%,raw-br-immed-retired,"32,419",0.001200
0,0,1785600,100%,raw-br-immed-spec,"32,419",0.001200
0,0,1785600,100%,raw-br-indirect-spec,243,0.001200
0,0,1785600,100%,raw-br-mis-pred,"4,250",0.001200
0,0,1785600,100%,raw-br-mis-pred-retired,"4,298",0.001200
0,0,1785600,100%,raw-br-pred,"29,890",0.001233
0,0,1785600,100%,raw-br-retired,"34,538",0.001233
0,0,1785600,100%,raw-br-return-retired,"2,259",0.001233
0,0,1785600,100%,raw-br-return-spec,"2,259",0.001233
0,0,1785600,100%,raw-bus-access,"62,251",0.001233
0,0,1785600,100%,raw-bus-access-normal,0,0.001233
0,0,1785600,100%,raw-bus-access-not-shared,0,0.001216
0,0,1785600,100%,raw-bus-access-periph,0,0.001216
0,0,1785600,100%,raw-bus-access-rd,"28,550",0.001216
0,0,1785600,100%,raw-bus-access-shared,0,0.001216
0,0,1785600,100%,raw-bus-access-wr,"32,982",0.001216
0,0,1785600,100%,raw-bus-cycles,"662,573",0.001216
0,0,1785600,100%,raw-cid-write-retired,0,0.001202
0,0,1785600,100%,raw-cnt-cycles,0,0.001202
0,0,1785600,100%,raw-cpu-cycles,"644,490",0.001202
0,0,1785600,100%,raw-crypto-spec,0,0.001202
0,0,1785600,100%,raw-dmb-spec,0,0.001202
0,0,1785600,100%,raw-dp-spec,"97,055",0.001228
0,0,1785600,100%,raw-dsb-spec,0,0.001228
0,0,1785600,100%,raw-dtlb-walk,70,0.001228
0,0,1785600,100%,raw-exc-dabort,0,0.001228
0,0,1785600,100%,raw-exc-fiq,0,0.001228
0,0,1785600,100%,raw-exc-hvc,0,0.001228
0,0,1785600,100%,raw-exc-irq,1,0.001245
0,0,1785600,100%,raw-exc-pabort,0,0.001245
0,0,1785600,100%,raw-exc-return,29,0.001245
0,0,1785600,100%,raw-exc-smc,0,0.001245
0,0,1785600,100%,raw-exc-svc,0,0.001245
0,0,1785600,100%,raw-exc-taken,29,0.001245
0,0,1785600,100%,raw-exc-trap-dabort,0,0.001233
0,0,1785600,100%,raw-exc-trap-fiq,0,0.001233
0,0,1785600,100%,raw-exc-trap-irq,0,0.001233
0,0,1785600,100%,raw-exc-trap-other,0,0.001233
0,0,1785600,100%,raw-exc-trap-pabort,0,0.001233
0,0,1785600,100%,raw-exc-undef,0,0.001233
0,0,1785600,100%,raw-inst-retired,"183,747",0.001227
0,0,1785600,100%,raw-inst-spec,"194,808",0.001227
0,0,1785600,100%,raw-isb-spec,0,0.001227
0,0,1785600,100%,raw-itlb-walk,41,0.001227
0,0,1785600,100%,raw-l1d-cache,"56,039",0.001227
0,0,1785600,100%,raw-l1d-cache-allocate,0,0.001227
0,0,1785600,100%,raw-l1d-cache-inval,0,0.001205
0,0,1785600,100%,raw-l1d-cache-lmiss-rd,0,0.001205
0,0,1785600,100%,raw-l1d-cache-rd,"45,718",0.001205
0,0,1785600,100%,raw-l1d-cache-refill,"2,875",0.001205
0,0,1785600,100%,raw-l1d-cache-refill-inner,"2,601",0.001205
0,0,1785600,100%,raw-l1d-cache-refill-outer,460,0.001205
0,0,1785600,100%,raw-l1d-cache-refill-rd,"2,375",0.001215
0,0,1785600,100%,raw-l1d-cache-refill-wr,458,0.001215
0,0,1785600,100%,raw-l1d-cache-wb,"3,517",0.001215
0,0,1785600,100%,raw-l1d-cache-wb-clean,0,0.001215
0,0,1785600,100%,raw-l1d-cache-wb-victim,0,0.001215
0,0,1785600,100%,raw-l1d-cache-wr,"10,345",0.001215
0,0,1785600,100%,raw-l1d-tlb,"56,029",0.001220
0,0,1785600,100%,raw-l1d-tlb-rd,0,0.001220
0,0,1785600,100%,raw-l1d-tlb-refill,"2,844",0.001220
0,0,1785600,100%,raw-l1d-tlb-refill-rd,0,0.001220
0,0,1785600,100%,raw-l1d-tlb-refill-wr,0,0.001220
0,0,1785600,100%,raw-l1d-tlb-wr,0,0.001220
0,0,1785600,100%,raw-l1i-cache,"143,928",0.001189
0,0,1785600,100%,raw-l1i-cache-lmiss,0,0.001189
0,0,1785600,100%,raw-l1i-cache-refill,"5,343",0.001189
0,0,1785600,100%,raw-l1i-tlb,"402,400",0.001189
0,0,1785600,100%,raw-l1i-tlb-refill,293,0.001189
0,0,1785600,100%,raw-l2d-cache,"16,730",0.001189
0,0,1785600,100%,raw-l2d-cache-allocate,"5,337",0.001221
0,0,1785600,100%,raw-l2d-cache-inval,0,0.001221
0,0,1785600,100%,raw-l2d-cache-lmiss-rd,0,0.001221
0,0,1785600,100%,raw-l2d-cache-rd,"12,840",0.001221
0,0,1785600,100%,raw-l2d-cache-refill,"8,430",0.001221
0,0,1785600,100%,raw-l2d-cache-refill-rd,"8,344",0.001221
0,0,1785600,100%,raw-l2d-cache-refill-wr,82,0.001186
0,0,1785600,100%,raw-l2d-cache-wb,"8,216",0.001186
0,0,1785600,100%,raw-l2d-cache-wb-clean,0,0.001186
0,0,1785600,100%,raw-l2d-cache-wb-victim,0,0.001186
0,0,1785600,100%,raw-l2d-cache-wr,"5,161",0.001186
0,0,1785600,100%,raw-l2d-tlb,"3,584",0.001186
0,0,1785600,100%,raw-l2d-tlb-rd,0,0.001209
0,0,1785600,100%,raw-l2d-tlb-refill,108,0.001209
0,0,1785600,100%,raw-l2d-tlb-refill-rd,0,0.001209
0,0,1785600,100%,raw-l2d-tlb-refill-wr,0,0.001209
0,0,1785600,100%,raw-l2d-tlb-wr,0,0.001209
0,0,1785600,100%,raw-l2i-cache,0,0.001209
0,0,1785600,100%,raw-l2i-cache-lmiss,0,0.001241
0,0,1785600,100%,raw-l2i-cache-refill,0,0.001241
0,0,1785600,100%,raw-l2i-tlb,0,0.001241
0,0,1785600,100%,raw-l2i-tlb-refill,0,0.001241
0,0,1785600,100%,raw-l3d-cache,"15,304",0.001241
0,0,1785600,100%,raw-l3d-cache-allocate,"8,017",0.001241
0,0,1785600,100%,raw-l3d-cache-inval,0,0.001235
0,0,1785600,100%,raw-l3d-cache-lmiss-rd,0,0.001235
0,0,1785600,100%,raw-l3d-cache-rd,"7,256",0.001235
0,0,1785600,100%,raw-l3d-cache-refill,"2,354",0.001235
0,0,1785600,100%,raw-l3d-cache-refill-rd,"2,354",0.001235
0,0,1785600,100%,raw-l3d-cache-refill-wr,0,0.001235
0,0,1785600,100%,raw-l3d-cache-wb,0,0.001175
0,0,1785600,100%,raw-l3d-cache-wb-clean,0,0.001175
0,0,1785600,100%,raw-l3d-cache-wb-victim,0,0.001175
0,0,1785600,100%,raw-l3d-cache-wr,0,0.001175
0,0,1785600,100%,raw-ld-retired,"40,758",0.001175
0,0,1785600,100%,raw-ld-spec,"42,149",0.001175
0,0,1785600,100%,raw-ldrex-spec,0,0.001212
0,0,1785600,100%,raw-ldst-spec,"61,996",0.001212
0,0,1785600,100%,raw-ll-cache,0,0.001212
0,0,1785600,100%,raw-ll-cache-miss,0,0.001212
0,0,1785600,100%,raw-ll-cache-miss-rd,"2,301",0.001212
0,0,1785600,100%,raw-ll-cache-rd,"7,202",0.001212
0,0,1785600,100%,raw-mem-access,"71,256",0.001270
0,0,1785600,100%,raw-mem-access-rd,"45,986",0.001270
0,0,1785600,100%,raw-mem-access-wr,"25,270",0.001270
0,0,1785600,100%,raw-memory-error,0,0.001270
0,0,1785600,100%,raw-op-retired,0,0.001270
0,0,1785600,100%,raw-op-spec,0,0.001270
0,0,1785600,100%,raw-pc-write-retired,"17,983",0.001223
0,0,1785600,100%,raw-pc-write-spec,"37,133",0.001223
0,0,1785600,100%,raw-rc-ld-spec,0,0.001223
0,0,1785600,100%,raw-rc-st-spec,0,0.001223
0,0,1785600,100%,raw-remote-access,0,0.001223
0,0,1785600,100%,raw-remote-access-rd,0,0.001223
0,0,1785600,100%,raw-sample-collision,0,0.001213
0,0,1785600,100%,raw-sample-feed,0,0.001213
0,0,1785600,100%,raw-sample-filtrate,0,0.001213
0,0,1785600,100%,raw-sample-pop,0,0.001213
0,0,1785600,100%,raw-st-retired,"18,862",0.001213
0,0,1785600,100%,raw-st-spec,"21,890",0.001213
0,0,1785600,100%,raw-stall,0,0.001278
0,0,1785600,100%,raw-stall-backend,"260,387",0.001278
0,0,1785600,100%,raw-stall-backend-mem,0,0.001278
0,0,1785600,100%,raw-stall-frontend,"247,345",0.001278
0,0,1785600,100%,raw-stall-slot,0,0.001278
0,0,1785600,100%,raw-stall-slot-backend,0,0.001278
0,0,1785600,100%,raw-stall-slot-frontend,0,0.001220
0,0,1785600,100%,raw-strex-fail-spec,0,0.001220
0,0,1785600,100%,raw-strex-pass-spec,0,0.001220
0,0,1785600,100%,raw-strex-spec,0,0.001220
0,0,1785600,100%,raw-sve-inst-retired,0,0.001220
0,0,1785600,100%,raw-sve-inst-spec,0,0.001220
0,0,1785600,100%,raw-sw-incr,0,0.001210
0,0,1785600,100%,raw-ttbr-write-retired,0,0.001210
0,0,1785600,100%,raw-unaligned-ld-spec,0,0.001210
0,0,1785600,100%,raw-unaligned-ldst-retired,"1,651",0.001210
0,0,1785600,100%,raw-unaligned-ldst-spec,0,0.001210
0,0,1785600,100%,raw-unaligned-st-spec,0,0.001210
0,0,1785600,100%,raw-vfp-spec,50,0.001154
4,4,710400,100%,raw-ase-spec,78,0.001132
4,4,710400,100%,raw-br-immed-retired,0,0.001132
4,4,710400,100%,raw-br-immed-spec,"35,826",0.001132
4,4,710400,100%,raw-br-indirect-spec,"2,754",0.001132
4,4,710400,100%,raw-br-mis-pred,"5,825",0.001132
4,4,710400,100%,raw-br-mis-pred-retired,"4,407",0.001132
4,4,710400,100%,raw-br-pred,"38,404",0.001178
4,4,710400,100%,raw-br-retired,"34,349",0.001178
4,4,710400,100%,raw-br-return-retired,0,0.001178
4,4,710400,100%,raw-br-return-spec,"2,451",0.001178
4,4,710400,100%,raw-bus-access,"84,939",0.001178
4,4,710400,100%,raw-bus-access-normal,0,0.001178
4,4,710400,100%,raw-bus-access-not-shared,0,0.001160
4,4,710400,100%,raw-bus-access-periph,0,0.001160
4,4,710400,100%,raw-bus-access-rd,"45,733",0.001160
4,4,710400,100%,raw-bus-access-shared,0,0.001160
4,4,710400,100%,raw-bus-access-wr,"39,560",0.001160
4,4,710400,100%,raw-bus-cycles,"247,567",0.001160
4,4,710400,100%,raw-cid-write-retired,0,0.001127
4,4,710400,100%,raw-cnt-cycles,0,0.001127
4,4,710400,100%,raw-cpu-cycles,"248,979",0.001127
4,4,710400,100%,raw-crypto-spec,0,0.001127
4,4,710400,100%,raw-dmb-spec,671,0.001127
4,4,710400,100%,raw-dp-spec,"144,571",0.001184
4,4,710400,100%,raw-dsb-spec,47,0.001184
4,4,710400,100%,raw-dtlb-walk,35,0.001184
4,4,710400,100%,raw-exc-dabort,14,0.001184
4,4,710400,100%,raw-exc-fiq,0,0.001184
4,4,710400,100%,raw-exc-hvc,0,0.001184
4,4,710400,100%,raw-exc-irq,0,0.001129
4,4,710400,100%,raw-exc-pabort,5,0.001129
4,4,710400,100%,raw-exc-return,28,0.001129
4,4,710400,100%,raw-exc-smc,0,0.001129
4,4,710400,100%,raw-exc-svc,8,0.001129
4,4,710400,100%,raw-exc-taken,28,0.001129
4,4,710400,100%,raw-exc-trap-dabort,0,0.001128
4,4,710400,100%,raw-exc-trap-fiq,0,0.001128
4,4,710400,100%,raw-exc-trap-irq,0,0.001128
4,4,710400,100%,raw-exc-trap-other,0,0.001128
4,4,710400,100%,raw-exc-trap-pabort,0,0.001128
4,4,710400,100%,raw-exc-undef,1,0.001128
4,4,710400,100%,raw-inst-retired,"182,725",0.001125
4,4,710400,100%,raw-inst-spec,"297,310",0.001125
4,4,710400,100%,raw-isb-spec,37,0.001125
4,4,710400,100%,raw-itlb-walk,36,0.001125
4,4,710400,100%,raw-l1d-cache,"72,613",0.001125
4,4,710400,100%,raw-l1d-cache-allocate,0,0.001125
4,4,710400,100%,raw-l1d-cache-inval,109,0.001151
4,4,710400,100%,raw-l1d-cache-lmiss-rd,0,0.001151
4,4,710400,100%,raw-l1d-cache-rd,"44,961",0.001151
4,4,710400,100%,raw-l1d-cache-refill,"2,438",0.001151
4,4,710400,100%,raw-l1d-cache-refill-inner,"1,716",0.001151
4,4,710400,100%,raw-l1d-cache-refill-outer,722,0.001151
4,4,710400,100%,raw-l1d-cache-refill-rd,"1,710",0.001153
4,4,710400,100%,raw-l1d-cache-refill-wr,654,0.001153
4,4,710400,100%,raw-l1d-cache-wb,"1,221",0.001153
4,4,710400,100%,raw-l1d-cache-wb-clean,85,0.001153
4,4,710400,100%,raw-l1d-cache-wb-victim,"1,136",0.001153
4,4,710400,100%,raw-l1d-cache-wr,"27,734",0.001153
4,4,710400,100%,raw-l1d-tlb,"91,609",0.001143
4,4,710400,100%,raw-l1d-tlb-rd,"57,111",0.001143
4,4,710400,100%,raw-l1d-tlb-refill,489,0.001143
4,4,710400,100%,raw-l1d-tlb-refill-rd,417,0.001143
4,4,710400,100%,raw-l1d-tlb-refill-wr,72,0.001143
4,4,710400,100%,raw-l1d-tlb-wr,"34,498",0.001143
4,4,710400,100%,raw-l1i-cache,"97,399",0.001141
4,4,710400,100%,raw-l1i-cache-lmiss,0,0.001141
4,4,710400,100%,raw-l1i-cache-refill,"8,586",0.001141
4,4,710400,100%,raw-l1i-tlb,"98,951",0.001141
4,4,710400,100%,raw-l1i-tlb-refill,48,0.001141
4,4,710400,100%,raw-l2d-cache,"16,089",0.001141
4,4,710400,100%,raw-l2d-cache-allocate,2,0.001225
4,4,710400,100%,raw-l2d-cache-inval,19,0.001225
4,4,710400,100%,raw-l2d-cache-lmiss-rd,0,0.001225
4,4,710400,100%,raw-l2d-cache-rd,"11,839",0.001225
4,4,710400,100%,raw-l2d-cache-refill,"8,631",0.001225
4,4,710400,100%,raw-l2d-cache-refill-rd,"8,631",0.001225
4,4,710400,100%,raw-l2d-cache-refill-wr,0,0.001128
4,4,710400,100%,raw-l2d-cache-wb,"9,833",0.001128
4,4,710400,100%,raw-l2d-cache-wb-clean,12,0.001128
4,4,710400,100%,raw-l2d-cache-wb-victim,"9,821",0.001128
4,4,710400,100%,raw-l2d-cache-wr,"4,169",0.001128
4,4,710400,100%,raw-l2d-tlb,"1,099",0.001128
4,4,710400,100%,raw-l2d-tlb-rd,900,0.001167
4,4,710400,100%,raw-l2d-tlb-refill,86,0.001167
4,4,710400,100%,raw-l2d-tlb-refill-rd,72,0.001167
4,4,710400,100%,raw-l2d-tlb-refill-wr,14,0.001167
4,4,710400,100%,raw-l2d-tlb-wr,190,0.001167
4,4,710400,100%,raw-l2i-cache,0,0.001167
4,4,710400,100%,raw-l2i-cache-lmiss,0,0.001133
4,4,710400,100%,raw-l2i-cache-refill,0,0.001133
4,4,710400,100%,raw-l2i-tlb,0,0.001133
4,4,710400,100%,raw-l2i-tlb-refill,0,0.001133
4,4,710400,100%,raw-l3d-cache,"20,988",0.001133
4,4,710400,100%,raw-l3d-cache-allocate,"9,648",0.001133
4,4,710400,100%,raw-l3d-cache-inval,0,0.001149
4,4,710400,100%,raw-l3d-cache-lmiss-rd,0,0.001149
4,4,710400,100%,raw-l3d-cache-rd,"11,064",0.001149
4,4,710400,100%,raw-l3d-cache-refill,"4,441",0.001149
4,4,710400,100%,raw-l3d-cache-refill-rd,0,0.001149
4,4,710400,100%,raw-l3d-cache-refill-wr,0,0.001149
4,4,710400,100%,raw-l3d-cache-wb,0,0.001119
4,4,710400,100%,raw-l3d-cache-wb-clean,0,0.001119
4,4,710400,100%,raw-l3d-cache-wb-victim,0,0.001119
4,4,710400,100%,raw-l3d-cache-wr,0,0.001119
4,4,710400,100%,raw-ld-retired,0,0.001119
4,4,710400,100%,raw-ld-spec,"63,225",0.001119
4,4,710400,100%,raw-ldrex-spec,81,0.001198
4,4,710400,100%,raw-ldst-spec,0,0.001198
4,4,710400,100%,raw-ll-cache,0,0.001198
4,4,710400,100%,raw-ll-cache-miss,0,0.001198
4,4,710400,100%,raw-ll-cache-miss-rd,"5,004",0.001198
4,4,710400,100%,raw-ll-cache-rd,"10,882",0.001198
4,4,710400,100%,raw-mem-access,"72,657",0.001139
4,4,710400,100%,raw-mem-access-rd,"44,916",0.001139
4,4,710400,100%,raw-mem-access-wr,"27,741",0.001139
4,4,710400,100%,raw-memory-error,0,0.001139
4,4,710400,100%,raw-op-retired,0,0.001139
4,4,710400,100%,raw-op-spec,0,0.001139
4,4,710400,100%,raw-pc-write-retired,0,0.001130
4,4,710400,100%,raw-pc-write-spec,"20,537",0.001130
4,4,710400,100%,raw-rc-ld-spec,"1,539",0.001130
4,4,710400,100%,raw-rc-st-spec,"1,524",0.001130
4,4,710400,100%,raw-remote-access,0,0.001130
4,4,710400,100%,raw-remote-access-rd,0,0.001130
4,4,710400,100%,raw-sample-collision,0,0.001145
4,4,710400,100%,raw-sample-feed,0,0.001145
4,4,710400,100%,raw-sample-filtrate,0,0.001145
4,4,710400,100%,raw-sample-pop,0,0.001145
4,4,710400,100%,raw-st-retired,0,0.001145
4,4,710400,100%,raw-st-spec,"31,871",0.001145
4,4,710400,100%,raw-stall,0,0.001184
4,4,710400,100%,raw-stall-backend,"82,474",0.001184
4,4,710400,100%,raw-stall-backend-mem,0,0.001184
4,4,710400,100%,raw-stall-frontend,"80,535",0.001184
4,4,710400,100%,raw-stall-slot,0,0.001184
4,4,710400,100%,raw-stall-slot-backend,0,0.001184
4,4,710400,100%,raw-stall-slot-frontend,0,0.001194
4,4,710400,100%,raw-strex-fail-spec,0,0.001194
4,4,710400,100%,raw-strex-pass-spec,77,0.001194
4,4,710400,100%,raw-strex-spec,77,0.001194
4,4,710400,100%,raw-sve-inst-retired,47,0.001194
4,4,710400,100%,raw-sve-inst-spec,0,0.001194
4,4,710400,100%,raw-sw-incr,0,0.001144
4,4,710400,100%,raw-ttbr-write-retired,0,0.001144
4,4,710400,100%,raw-unaligned-ld-spec,113,0.001144
4,4,710400,100%,raw-unaligned-ldst-retired,0,0.001144
4,4,710400,100%,raw-unaligned-ldst-spec,330,0.001144
4,4,710400,100%,raw-unaligned-st-spec,217,0.001144
4,4,710400,100%,raw-vfp-spec,0,0.001124
4,4,1612800,100%,raw-ase-spec,81,0.000587
4,4,1612800,100%,raw-br-immed-retired,0,0.000587
4,4,1612800,100%,raw-br-immed-spec,"36,029",0.000587
4,4,1612800,100%,raw-br-indirect-spec,"2,767",0.000587
4,4,1612800,100%,raw-br-mis-pred,"5,886",0.000587
4,4,1612800,100%,raw-br-mis-pred-retired,"4,362",0.000587
4,4,1612800,100%,raw-br-pred,"38,757",0.000609
4,4,1612800,100%,raw-br-retired,"34,354",0.000609
4,4,1612800,100%,raw-br-return-retired,0,0.000609
4,4,1612800,100%,raw-br-return-spec,"2,486",0.000609
4,4,1612800,100%,raw-bus-access,"85,886",0.000609
4,4,1612800,100%,raw-bus-access-normal,0,0.000609
4,4,1612800,100%,raw-bus-access-not-shared,0,0.000599
4,4,1612800,100%,raw-bus-access-periph,0,0.000599
4,4,1612800,100%,raw-bus-access-rd,"45,419",0.000599
4,4,1612800,100%,raw-bus-access-shared,0,0.000599
4,4,1612800,100%,raw-bus-access-wr,"39,098",0.000599
4,4,1612800,100%,raw-bus-cycles,"307,894",0.000599
4,4,1612800,100%,raw-cid-write-retired,0,0.000599
4,4,1612800,100%,raw-cnt-cycles,0,0.000599
4,4,1612800,100%,raw-cpu-cycles,"309,615",0.000599
4,4,1612800,100%,raw-crypto-spec,0,0.000599
4,4,1612800,100%,raw-dmb-spec,686,0.000599
4,4,1612800,100%,raw-dp-spec,"144,903",0.000598
4,4,1612800,100%,raw-dsb-spec,49,0.000598
4,4,1612800,100%,raw-dtlb-walk,42,0.000598
4,4,1612800,100%,raw-exc-dabort,14,0.000598
4,4,1612800,100%,raw-exc-fiq,0,0.000598
4,4,1612800,100%,raw-exc-hvc,0,0.000598
4,4,1612800,100%,raw-exc-irq,0,0.000600
4,4,1612800,100%,raw-exc-pabort,5,0.000600
4,4,1612800,100%,raw-exc-return,28,0.000600
4,4,1612800,100%,raw-exc-smc,0,0.000600
4,4,1612800,100%,raw-exc-svc,8,0.000600
4,4,1612800,100%,raw-exc-taken,28,0.000600
4,4,1612800,100%,raw-exc-trap-dabort,0,0.000592
4,4,1612800,100%,raw-exc-trap-fiq,0,0.000592
4,4,1612800,100%,raw-exc-trap-irq,0,0.000592
4,4,1612800,100%,raw-exc-trap-other,0,0.000592
4,4,1612800,100%,raw-exc-trap-pabort,0,0.000592
4,4,1612800,100%,raw-exc-undef,1,0.000592
4,4,1612800,100%,raw-inst-retired,"182,579",0.000616
4,4,1612800,100%,raw-inst-spec,"298,817",0.000616
4,4,1612800,100%,raw-isb-spec,37,0.000616
4,4,1612800,100%,raw-itlb-walk,40,0.000616
4,4,1612800,100%,raw-l1d-cache,"73,382",0.000616
4,4,1612800,100%,raw-l1d-cache-allocate,0,0.000616
4,4,1612800,100%,raw-l1d-cache-inval,82,0.000602
4,4,1612800,100%,raw-l1d-cache-lmiss-rd,0,0.000602
4,4,1612800,100%,raw-l1d-cache-rd,"45,314",0.000602
4,4,1612800,100%,raw-l1d-cache-refill,"2,440",0.000602
4,4,1612800,100%,raw-l1d-cache-refill-inner,"1,848",0.000602
4,4,1612800,100%,raw-l1d-cache-refill-outer,592,0.000602
4,4,1612800,100%,raw-l1d-cache-refill-rd,"1,720",0.000593
4,4,1612800,100%,raw-l1d-cache-refill-wr,687,0.000593
4,4,1612800,100%,raw-l1d-cache-wb,"1,218",0.000593
4,4,1612800,100%,raw-l1d-cache-wb-clean,120,0.000593
4,4,1612800,100%,raw-l1d-cache-wb-victim,"1,098",0.000593
4,4,1612800,100%,raw-l1d-cache-wr,"27,730",0.000593
4,4,1612800,100%,raw-l1d-tlb,"96,620",0.000617
4,4,1612800,100%,raw-l1d-tlb-rd,"60,882",0.000617
4,4,1612800,100%,raw-l1d-tlb-refill,452,0.000617
4,4,1612800,100%,raw-l1d-tlb-refill-rd,389,0.000617
4,4,1612800,100%,raw-l1d-tlb-refill-wr,63,0.000617
4,4,1612800,100%,raw-l1d-tlb-wr,"35,738",0.000617
4,4,1612800,100%,raw-l1i-cache,"97,327",0.000595
4,4,1612800,100%,raw-l1i-cache-lmiss,0,0.000595
4,4,1612800,100%,raw-l1i-cache-refill,"8,687",0.000595
4,4,1612800,100%,raw-l1i-tlb,"100,741",0.000595
4,4,1612800,100%,raw-l1i-tlb-refill,50,0.000595
4,4,1612800,100%,raw-l2d-cache,"16,222",0.000595
4,4,1612800,100%,raw-l2d-cache-allocate,0,0.000599
4,4,1612800,100%,raw-l2d-cache-inval,7,0.000599
4,4,1612800,100%,raw-l2d-cache-lmiss-rd,0,0.000599
4,4,1612800,100%,raw-l2d-cache-rd,"12,132",0.000599
4,4,1612800,100%,raw-l2d-cache-refill,"8,873",0.000599
4,4,1612800,100%,raw-l2d-cache-refill-rd,"8,873",0.000599
4,4,1612800,100%,raw-l2d-cache-refill-wr,0,0.000608
4,4,1612800,100%,raw-l2d-cache-wb,"9,755",0.000608
4,4,1612800,100%,raw-l2d-cache-wb-clean,14,0.000608
4,4,1612800,100%,raw-l2d-cache-wb-victim,"9,741",0.000608
4,4,1612800,100%,raw-l2d-cache-wr,"4,215",0.000608
4,4,1612800,100%,raw-l2d-tlb,"1,048",0.000608
4,4,1612800,100%,raw-l2d-tlb-rd,923,0.000618
4,4,1612800,100%,raw-l2d-tlb-refill,76,0.000618
4,4,1612800,100%,raw-l2d-tlb-refill-rd,64,0.000618
4,4,1612800,100%,raw-l2d-tlb-refill-wr,12,0.000618
4,4,1612800,100%,raw-l2d-tlb-wr,176,0.000618
4,4,1612800,100%,raw-l2i-cache,0,0.000618
4,4,1612800,100%,raw-l2i-cache-lmiss,0,0.000612
4,4,1612800,100%,raw-l2i-cache-refill,0,0.000612
4,4,1612800,100%,raw-l2i-tlb,0,0.000612
4,4,1612800,100%,raw-l2i-tlb-refill,0,0.000612
4,4,1612800,100%,raw-l3d-cache,"20,909",0.000612
4,4,1612800,100%,raw-l3d-cache-allocate,"9,469",0.000612
4,4,1612800,100%,raw-l3d-cache-inval,0,0.000607
4,4,1612800,100%,raw-l3d-cache-lmiss-rd,0,0.000607
4,4,1612800,100%,raw-l3d-cache-rd,"11,705",0.000607
4,4,1612800,100%,raw-l3d-cache-refill,"5,321",0.000607
4,4,1612800,100%,raw-l3d-cache-refill-rd,0,0.000607
4,4,1612800,100%,raw-l3d-cache-refill-wr,0,0.000607
4,4,1612800,100%,raw-l3d-cache-wb,0,0.000615
4,4,1612800,100%,raw-l3d-cache-wb-clean,0,0.000615
4,4,1612800,100%,raw-l3d-cache-wb-victim,0,0.000615
4,4,1612800,100%,raw-l3d-cache-wr,0,0.000615
4,4,1612800,100%,raw-ld-retired,0,0.000615
4,4,1612800,100%,raw-ld-spec,"63,755",0.000615
4,4,1612800,100%,raw-ldrex-spec,79,0.000593
4,4,1612800,100%,raw-ldst-spec,0,0.000593
4,4,1612800,100%,raw-ll-cache,0,0.000593
4,4,1612800,100%,raw-ll-cache-miss,0,0.000593
4,4,1612800,100%,raw-ll-cache-miss-rd,"4,302",0.000593
4,4,1612800,100%,raw-ll-cache-rd,"11,374",0.000593
4,4,1612800,100%,raw-mem-access,"73,080",0.000599
4,4,1612800,100%,raw-mem-access-rd,"45,139",0.000599
4,4,1612800,100%,raw-mem-access-wr,"27,941",0.000599
4,4,1612800,100%,raw-memory-error,0,0.000599
4,4,1612800,100%,raw-op-retired,0,0.000599
4,4,1612800,100%,raw-op-spec,0,0.000599
4,4,1612800,100%,raw-pc-write-retired,0,0.000602
4,4,1612800,100%,raw-pc-write-spec,"20,702",0.000602
4,4,1612800,100%,raw-rc-ld-spec,"1,591",0.000602
4,4,1612800,100%,raw-rc-st-spec,"1,583",0.000602
4,4,1612800,100%,raw-remote-access,0,0.000602
4,4,1612800,100%,raw-remote-access-rd,0,0.000602
4,4,1612800,100%,raw-sample-collision,0,0.000614
4,4,1612800,100%,raw-sample-feed,0,0.000614
4,4,1612800,100%,raw-sample-filtrate,0,0.000614
4,4,1612800,100%,raw-sample-pop,0,0.000614
4,4,1612800,100%,raw-st-retired,0,0.000614
4,4,1612800,100%,raw-st-spec,"32,217",0.000614
4,4,1612800,100%,raw-stall,0,0.000609
4,4,1612800,100%,raw-stall-backend,"107,320",0.000609
4,4,1612800,100%,raw-stall-backend-mem,0,0.000609
4,4,1612800,100%,raw-stall-frontend,"115,345",0.000609
4,4,1612800,100%,raw-stall-slot,0,0.000609
4,4,1612800,100%,raw-stall-slot-backend,0,0.000609
4,4,1612800,100%,raw-stall-slot-frontend,0,0.000599
4,4,1612800,100%,raw-strex-fail-spec,0,0.000599
4,4,1612800,100%,raw-strex-pass-spec,76,0.000599
4,4,1612800,100%,raw-strex-spec,76,0.000599
4,4,1612800,100%,raw-sve-inst-retired,46,0.000599
4,4,1612800,100%,raw-sve-inst-spec,0,0.000599
4,4,1612800,100%,raw-sw-incr,0,0.000608
4,4,1612800,100%,raw-ttbr-write-retired,0,0.000608
4,4,1612800,100%,raw-unaligned-ld-spec,114,0.000608
4,4,1612800,100%,raw-unaligned-ldst-retired,0,0.000608
4,4,1612800,100%,raw-unaligned-ldst-spec,305,0.000608
4,4,1612800,100%,raw-unaligned-st-spec,191,0.000608
4,4,1612800,100%,raw-vfp-spec,0,0.000583
4,4,2419200,100%,raw-ase-spec,77,0.000459
4,4,2419200,100%,raw-br-immed-retired,0,0.000459
4,4,2419200,100%,raw-br-immed-spec,"36,185",0.000459
4,4,2419200,100%,raw-br-indirect-spec,"2,789",0.000459
4,4,2419200,100%,raw-br-mis-pred,"5,900",0.000459
4,4,2419200,100%,raw-br-mis-pred-retired,"4,382",0.000459
4,4,2419200,100%,raw-br-pred,"39,052",0.000482
4,4,2419200,100%,raw-br-retired,"34,386",0.000482
4,4,2419200,100%,raw-br-return-retired,0,0.000482
4,4,2419200,100%,raw-br-return-spec,"2,520",0.000482
4,4,2419200,100%,raw-bus-access,"86,089",0.000482
4,4,2419200,100%,raw-bus-access-normal,0,0.000482
4,4,2419200,100%,raw-bus-access-not-shared,0,0.000477
4,4,2419200,100%,raw-bus-access-periph,0,0.000477
4,4,2419200,100%,raw-bus-access-rd,"45,492",0.000477
4,4,2419200,100%,raw-bus-access-shared,0,0.000477
4,4,2419200,100%,raw-bus-access-wr,"40,062",0.000477
4,4,2419200,100%,raw-bus-cycles,"372,088",0.000477
4,4,2419200,100%,raw-cid-write-retired,0,0.000453
4,4,2419200,100%,raw-cnt-cycles,0,0.000453
4,4,2419200,100%,raw-cpu-cycles,"362,156",0.000453
4,4,2419200,100%,raw-crypto-spec,0,0.000453
4,4,2419200,100%,raw-dmb-spec,686,0.000453
4,4,2419200,100%,raw-dp-spec,"145,669",0.000481
4,4,2419200,100%,raw-dsb-spec,43,0.000481
4,4,2419200,100%,raw-dtlb-walk,32,0.000481
4,4,2419200,100%,raw-exc-dabort,14,0.000481
4,4,2419200,100%,raw-exc-fiq,0,0.000481
4,4,2419200,100%,raw-exc-hvc,0,0.000481
4,4,2419200,100%,raw-exc-irq,0,0.000459
4,4,2419200,100%,raw-exc-pabort,5,0.000459
4,4,2419200,100%,raw-exc-return,28,0.000459
4,4,2419200,100%,raw-exc-smc,0,0.000459
4,4,2419200,100%,raw-exc-svc,8,0.000459
4,4,2419200,100%,raw-exc-taken,28,0.000459
4,4,2419200,100%,raw-exc-trap-dabort,0,0.000458
4,4,2419200,100%,raw-exc-trap-fiq,0,0.000458
4,4,2419200,100%,raw-exc-trap-irq,0,0.000458
4,4,2419200,100%,raw-exc-trap-other,0,0.000458
4,4,2419200,100%,raw-exc-trap-pabort,0,0.000458
4,4,2419200,100%,raw-exc-undef,1,0.000458
4,4,2419200,100%,raw-inst-retired,"182,730",0.000461
4,4,2419200,100%,raw-inst-spec,"297,609",0.000461
4,4,2419200,100%,raw-isb-spec,37,0.000461
4,4,2419200,100%,raw-itlb-walk,37,0.000461
4,4,2419200,100%,raw-l1d-cache,"73,331",0.000461
4,4,2419200,100%,raw-l1d-cache-allocate,0,0.000461
4,4,2419200,100%,raw-l1d-cache-inval,75,0.000466
4,4,2419200,100%,raw-l1d-cache-lmiss-rd,0,0.000466
4,4,2419200,100%,raw-l1d-cache-rd,"45,648",0.000466
4,4,2419200,100%,raw-l1d-cache-refill,"2,424",0.000466
4,4,2419200,100%,raw-l1d-cache-refill-inner,"1,799",0.000466
4,4,2419200,100%,raw-l1d-cache-refill-outer,625,0.000466
4,4,2419200,100%,raw-l1d-cache-refill-rd,"1,758",0.000481
4,4,2419200,100%,raw-l1d-cache-refill-wr,668,0.000481
4,4,2419200,100%,raw-l1d-cache-wb,"1,241",0.000481
4,4,2419200,100%,raw-l1d-cache-wb-clean,95,0.000481
4,4,2419200,100%,raw-l1d-cache-wb-victim,"1,146",0.000481
4,4,2419200,100%,raw-l1d-cache-wr,"27,879",0.000481
4,4,2419200,100%,raw-l1d-tlb,"100,715",0.000460
4,4,2419200,100%,raw-l1d-tlb-rd,"63,916",0.000460
4,4,2419200,100%,raw-l1d-tlb-refill,458,0.000460
4,4,2419200,100%,raw-l1d-tlb-refill-rd,397,0.000460
4,4,2419200,100%,raw-l1d-tlb-refill-wr,61,0.000460
4,4,2419200,100%,raw-l1d-tlb-wr,"36,799",0.000460
4,4,2419200,100%,raw-l1i-cache,"96,798",0.000455
4,4,2419200,100%,raw-l1i-cache-lmiss,0,0.000455
4,4,2419200,100%,raw-l1i-cache-refill,"8,709",0.000455
4,4,2419200,100%,raw-l1i-tlb,"100,765",0.000455
4,4,2419200,100%,raw-l1i-tlb-refill,49,0.000455
4,4,2419200,100%,raw-l2d-cache,"16,290",0.000455
4,4,2419200,100%,raw-l2d-cache-allocate,7,0.000460
4,4,2419200,100%,raw-l2d-cache-inval,6,0.000460
4,4,2419200,100%,raw-l2d-cache-lmiss-rd,0,0.000460
4,4,2419200,100%,raw-l2d-cache-rd,"12,107",0.000460
4,4,2419200,100%,raw-l2d-cache-refill,"8,973",0.000460
4,4,2419200,100%,raw-l2d-cache-refill-rd,"8,973",0.000460
4,4,2419200,100%,raw-l2d-cache-refill-wr,0,0.000483
4,4,2419200,100%,raw-l2d-cache-wb,"9,767",0.000483
4,4,2419200,100%,raw-l2d-cache-wb-clean,8,0.000483
4,4,2419200,100%,raw-l2d-cache-wb-victim,"9,759",0.000483
4,4,2419200,100%,raw-l2d-cache-wr,"4,201",0.000483
4,4,2419200,100%,raw-l2d-tlb,"1,051",0.000483
4,4,2419200,100%,raw-l2d-tlb-rd,867,0.000463
4,4,2419200,100%,raw-l2d-tlb-refill,69,0.000463
4,4,2419200,100%,raw-l2d-tlb-refill-rd,58,0.000463
4,4,2419200,100%,raw-l2d-tlb-refill-wr,11,0.000463
4,4,2419200,100%,raw-l2d-tlb-wr,170,0.000463
4,4,2419200,100%,raw-l2i-cache,0,0.000463
4,4,2419200,100%,raw-l2i-cache-lmiss,0,0.000484
4,4,2419200,100%,raw-l2i-cache-refill,0,0.000484
4,4,2419200,100%,raw-l2i-tlb,0,0.000484
4,4,2419200,100%,raw-l2i-tlb-refill,0,0.000484
4,4,2419200,100%,raw-l3d-cache,"21,255",0.000484
4,4,2419200,100%,raw-l3d-cache-allocate,"9,963",0.000484
4,4,2419200,100%,raw-l3d-cache-inval,0,0.000480
4,4,2419200,100%,raw-l3d-cache-lmiss-rd,0,0.000480
4,4,2419200,100%,raw-l3d-cache-rd,"11,251",0.000480
4,4,2419200,100%,raw-l3d-cache-refill,"5,414",0.000480
4,4,2419200,100%,raw-l3d-cache-refill-rd,0,0.000480
4,4,2419200,100%,raw-l3d-cache-refill-wr,0,0.000480
4,4,2419200,100%,raw-l3d-cache-wb,0,0.000463
4,4,2419200,100%,raw-l3d-cache-wb-clean,0,0.000463
4,4,2419200,100%,raw-l3d-cache-wb-victim,0,0.000463
4,4,2419200,100%,raw-l3d-cache-wr,0,0.000463
4,4,2419200,100%,raw-ld-retired,0,0.000463
4,4,2419200,100%,raw-ld-spec,"64,498",0.000463
4,4,2419200,100%,raw-ldrex-spec,80,0.000461
4,4,2419200,100%,raw-ldst-spec,0,0.000461
4,4,2419200,100%,raw-ll-cache,0,0.000461
4,4,2419200,100%,raw-ll-cache-miss,0,0.000461
4,4,2419200,100%,raw-ll-cache-miss-rd,"4,627",0.000461
4,4,2419200,100%,raw-ll-cache-rd,"11,321",0.000461
4,4,2419200,100%,raw-mem-access,"73,761",0.000461
4,4,2419200,100%,raw-mem-access-rd,"45,654",0.000461
4,4,2419200,100%,raw-mem-access-wr,"28,107",0.000461
4,4,2419200,100%,raw-memory-error,0,0.000461
4,4,2419200,100%,raw-op-retired,0,0.000461
4,4,2419200,100%,raw-op-spec,0,0.000461
4,4,2419200,100%,raw-pc-write-retired,0,0.000457
4,4,2419200,100%,raw-pc-write-spec,"20,797",0.000457
4,4,2419200,100%,raw-rc-ld-spec,"1,567",0.000457
4,4,2419200,100%,raw-rc-st-spec,"1,552",0.000457
4,4,2419200,100%,raw-remote-access,0,0.000457
4,4,2419200,100%,raw-remote-access-rd,0,0.000457
4,4,2419200,100%,raw-sample-collision,0,0.000466
4,4,2419200,100%,raw-sample-feed,0,0.000466
4,4,2419200,100%,raw-sample-filtrate,0,0.000466
4,4,2419200,100%,raw-sample-pop,0,0.000466
4,4,2419200,100%,raw-st-retired,0,0.000466
4,4,2419200,100%,raw-st-spec,"32,313",0.000466
4,4,2419200,100%,raw-stall,0,0.000460
4,4,2419200,100%,raw-stall-backend,"128,666",0.000460
4,4,2419200,100%,raw-stall-backend-mem,0,0.000460
4,4,2419200,100%,raw-stall-frontend,"144,300",0.000460
4,4,2419200,100%,raw-stall-slot,0,0.000460
4,4,2419200,100%,raw-stall-slot-backend,0,0.000460
4,4,2419200,100%,raw-stall-slot-frontend,0,0.000462
4,4,2419200,100%,raw-strex-fail-spec,0,0.000462
4,4,2419200,100%,raw-strex-pass-spec,76,0.000462
4,4,2419200,100%,raw-strex-spec,76,0.000462
4,4,2419200,100%,raw-sve-inst-retired,48,0.000462
4,4,2419200,100%,raw-sve-inst-spec,0,0.000462
4,4,2419200,100%,raw-sw-incr,0,0.000480
4,4,2419200,100%,raw-ttbr-write-retired,0,0.000480
4,4,2419200,100%,raw-unaligned-ld-spec,112,0.000480
4,4,2419200,100%,raw-unaligned-ldst-retired,0,0.000480
4,4,2419200,100%,raw-unaligned-ldst-spec,287,0.000480
4,4,2419200,100%,raw-unaligned-st-spec,175,0.000480
4,4,2419200,100%,raw-vfp-spec,0,0.000443
7,7,825600,100%,raw-ase-spec,85,0.000977
7,7,825600,100%,raw-br-immed-retired,0,0.000977
7,7,825600,100%,raw-br-immed-spec,"35,862",0.000977
7,7,825600,100%,raw-br-indirect-spec,"2,756",0.000977
7,7,825600,100%,raw-br-mis-pred,"5,858",0.000977
7,7,825600,100%,raw-br-mis-pred-retired,"4,452",0.000977
7,7,825600,100%,raw-br-pred,"38,333",0.000994
7,7,825600,100%,raw-br-retired,"34,371",0.000994
7,7,825600,100%,raw-br-return-retired,0,0.000994
7,7,825600,100%,raw-br-return-spec,"2,469",0.000994
7,7,825600,100%,raw-bus-access,"69,816",0.000994
7,7,825600,100%,raw-bus-access-normal,0,0.000994
7,7,825600,100%,raw-bus-access-not-shared,0,0.000988
7,7,825600,100%,raw-bus-access-periph,0,0.000988
7,7,825600,100%,raw-bus-access-rd,"39,036",0.000988
7,7,825600,100%,raw-bus-access-shared,0,0.000988
7,7,825600,100%,raw-bus-access-wr,"35,480",0.000988
7,7,825600,100%,raw-bus-cycles,"256,568",0.000988
7,7,825600,100%,raw-cid-write-retired,0,0.000958
7,7,825600,100%,raw-cnt-cycles,0,0.000958
7,7,825600,100%,raw-cpu-cycles,"242,658",0.000958
7,7,825600,100%,raw-crypto-spec,0,0.000958
7,7,825600,100%,raw-dmb-spec,677,0.000958
7,7,825600,100%,raw-dp-spec,"145,974",0.000978
7,7,825600,100%,raw-dsb-spec,50,0.000978
7,7,825600,100%,raw-dtlb-walk,38,0.000978
7,7,825600,100%,raw-exc-dabort,14,0.000978
7,7,825600,100%,raw-exc-fiq,0,0.000978
7,7,825600,100%,raw-exc-hvc,0,0.000978
7,7,825600,100%,raw-exc-irq,0,0.000964
7,7,825600,100%,raw-exc-pabort,5,0.000964
7,7,825600,100%,raw-exc-return,28,0.000964
7,7,825600,100%,raw-exc-smc,0,0.000964
7,7,825600,100%,raw-exc-svc,8,0.000964
7,7,825600,100%,raw-exc-taken,28,0.000964
7,7,825600,100%,raw-exc-trap-dabort,0,0.000988
7,7,825600,100%,raw-exc-trap-fiq,0,0.000988
7,7,825600,100%,raw-exc-trap-irq,0,0.000988
7,7,825600,100%,raw-exc-trap-other,0,0.000988
7,7,825600,100%,raw-exc-trap-pabort,0,0.000988
7,7,825600,100%,raw-exc-undef,1,0.000988
7,7,825600,100%,raw-inst-retired,"182,804",0.001027
7,7,825600,100%,raw-inst-spec,"293,795",0.001027
7,7,825600,100%,raw-isb-spec,37,0.001027
7,7,825600,100%,raw-itlb-walk,37,0.001027
7,7,825600,100%,raw-l1d-cache,"72,316",0.001027
7,7,825600,100%,raw-l1d-cache-allocate,0,0.001027
7,7,825600,100%,raw-l1d-cache-inval,115,0.000962
7,7,825600,100%,raw-l1d-cache-lmiss-rd,0,0.000962
7,7,825600,100%,raw-l1d-cache-rd,"44,923",0.000962
7,7,825600,100%,raw-l1d-cache-refill,"2,447",0.000962
7,7,825600,100%,raw-l1d-cache-refill-inner,"1,914",0.000962
7,7,825600,100%,raw-l1d-cache-refill-outer,533,0.000962
7,7,825600,100%,raw-l1d-cache-refill-rd,"1,728",0.001032
7,7,825600,100%,raw-l1d-cache-refill-wr,694,0.001032
7,7,825600,100%,raw-l1d-cache-wb,"1,240",0.001032
7,7,825600,100%,raw-l1d-cache-wb-clean,111,0.001032
7,7,825600,100%,raw-l1d-cache-wb-victim,"1,129",0.001032
7,7,825600,100%,raw-l1d-cache-wr,"27,647",0.001032
7,7,825600,100%,raw-l1d-tlb,"93,922",0.001012
7,7,825600,100%,raw-l1d-tlb-rd,"59,391",0.001012
7,7,825600,100%,raw-l1d-tlb-refill,513,0.001012
7,7,825600,100%,raw-l1d-tlb-refill-rd,434,0.001012
7,7,825600,100%,raw-l1d-tlb-refill-wr,79,0.001012
7,7,825600,100%,raw-l1d-tlb-wr,"34,531",0.001012
7,7,825600,100%,raw-l1i-cache,"96,504",0.000990
7,7,825600,100%,raw-l1i-cache-lmiss,0,0.000990
7,7,825600,100%,raw-l1i-cache-refill,"8,336",0.000990
7,7,825600,100%,raw-l1i-tlb,"96,590",0.000990
7,7,825600,100%,raw-l1i-tlb-refill,46,0.000990
7,7,825600,100%,raw-l2d-cache,"15,966",0.000990
7,7,825600,100%,raw-l2d-cache-allocate,0,0.000970
7,7,825600,100%,raw-l2d-cache-inval,19,0.000970
7,7,825600,100%,raw-l2d-cache-lmiss-rd,0,0.000970
7,7,825600,100%,raw-l2d-cache-rd,"11,625",0.000970
7,7,825600,100%,raw-l2d-cache-refill,"6,621",0.000970
7,7,825600,100%,raw-l2d-cache-refill-rd,"6,621",0.000970
7,7,825600,100%,raw-l2d-cache-refill-wr,0,0.000974
7,7,825600,100%,raw-l2d-cache-wb,"8,309",0.000974
7,7,825600,100%,raw-l2d-cache-wb-clean,7,0.000974
7,7,825600,100%,raw-l2d-cache-wb-victim,"8,302",0.000974
7,7,825600,100%,raw-l2d-cache-wr,"4,255",0.000974
7,7,825600,100%,raw-l2d-tlb,"1,055",0.000974
7,7,825600,100%,raw-l2d-tlb-rd,885,0.000988
7,7,825600,100%,raw-l2d-tlb-refill,67,0.000988
7,7,825600,100%,raw-l2d-tlb-refill-rd,57,0.000988
7,7,825600,100%,raw-l2d-tlb-refill-wr,10,0.000988
7,7,825600,100%,raw-l2d-tlb-wr,170,0.000988
7,7,825600,100%,raw-l2i-cache,0,0.000988
7,7,825600,100%,raw-l2i-cache-lmiss,0,0.000992
7,7,825600,100%,raw-l2i-cache-refill,0,0.000992
7,7,825600,100%,raw-l2i-tlb,0,0.000992
7,7,825600,100%,raw-l2i-tlb-refill,0,0.000992
7,7,825600,100%,raw-l3d-cache,"16,787",0.000992
7,7,825600,100%,raw-l3d-cache-allocate,"7,673",0.000992
7,7,825600,100%,raw-l3d-cache-inval,0,0.000988
7,7,825600,100%,raw-l3d-cache-lmiss-rd,0,0.000988
7,7,825600,100%,raw-l3d-cache-rd,"9,173",0.000988
7,7,825600,100%,raw-l3d-cache-refill,"4,816",0.000988
7,7,825600,100%,raw-l3d-cache-refill-rd,0,0.000988
7,7,825600,100%,raw-l3d-cache-refill-wr,0,0.000988
7,7,825600,100%,raw-l3d-cache-wb,0,0.000984
7,7,825600,100%,raw-l3d-cache-wb-clean,0,0.000984
7,7,825600,100%,raw-l3d-cache-wb-victim,0,0.000984
7,7,825600,100%,raw-l3d-cache-wr,0,0.000984
7,7,825600,100%,raw-ld-retired,0,0.000984
7,7,825600,100%,raw-ld-spec,"63,750",0.000984
7,7,825600,100%,raw-ldrex-spec,78,0.000970
7,7,825600,100%,raw-ldst-spec,0,0.000970
7,7,825600,100%,raw-ll-cache,0,0.000970
7,7,825600,100%,raw-ll-cache-miss,0,0.000970
7,7,825600,100%,raw-ll-cache-miss-rd,"4,287",0.000970
7,7,825600,100%,raw-ll-cache-rd,"9,250",0.000970
7,7,825600,100%,raw-mem-access,"75,432",0.000985
7,7,825600,100%,raw-mem-access-rd,"46,586",0.000985
7,7,825600,100%,raw-mem-access-wr,"28,846",0.000985
7,7,825600,100%,raw-memory-error,0,0.000985
7,7,825600,100%,raw-op-retired,0,0.000985
7,7,825600,100%,raw-op-spec,0,0.000985
7,7,825600,100%,raw-pc-write-retired,0,0.000993
7,7,825600,100%,raw-pc-write-spec,"20,456",0.000993
7,7,825600,100%,raw-rc-ld-spec,"1,559",0.000993
7,7,825600,100%,raw-rc-st-spec,"1,552",0.000993
7,7,825600,100%,raw-remote-access,0,0.000993
7,7,825600,100%,raw-remote-access-rd,0,0.000993
7,7,825600,100%,raw-sample-collision,0,0.000975
7,7,825600,100%,raw-sample-feed,0,0.000975
7,7,825600,100%,raw-sample-filtrate,0,0.000975
7,7,825600,100%,raw-sample-pop,0,0.000975
7,7,825600,100%,raw-st-retired,0,0.000975
7,7,825600,100%,raw-st-spec,"32,014",0.000975
7,7,825600,100%,raw-stall,0,0.000971
7,7,825600,100%,raw-stall-backend,"82,828",0.000971
7,7,825600,100%,raw-stall-backend-mem,0,0.000971
7,7,825600,100%,raw-stall-frontend,"78,726",0.000971
7,7,825600,100%,raw-stall-slot,0,0.000971
7,7,825600,100%,raw-stall-slot-backend,0,0.000971
7,7,825600,100%,raw-stall-slot-frontend,0,0.000995
7,7,825600,100%,raw-strex-fail-spec,0,0.000995
7,7,825600,100%,raw-strex-pass-spec,76,0.000995
7,7,825600,100%,raw-strex-spec,76,0.000995
7,7,825600,100%,raw-sve-inst-retired,49,0.000995
7,7,825600,100%,raw-sve-inst-spec,0,0.000995
7,7,825600,100%,raw-sw-incr,0,0.000992
7,7,825600,100%,raw-ttbr-write-retired,0,0.000992
7,7,825600,100%,raw-unaligned-ld-spec,121,0.000992
7,7,825600,100%,raw-unaligned-ldst-retired,0,0.000992
7,7,825600,100%,raw-unaligned-ldst-spec,305,0.000992
7,7,825600,100%,raw-unaligned-st-spec,184,0.000992
7,7,825600,100%,raw-vfp-spec,0,0.000949
7,7,1804800,100%,raw-ase-spec,85,0.000533
7,7,1804800,100%,raw-br-immed-retired,0,0.000533
7,7,1804800,100%,raw-br-immed-spec,"35,963",0.000533
7,7,1804800,100%,raw-br-indirect-spec,"2,744",0.000533
7,7,1804800,100%,raw-br-mis-pred,"5,761",0.000533
7,7,1804800,100%,raw-br-mis-pred-retired,"4,298",0.000533
7,7,1804800,100%,raw-br-pred,"38,719",0.000553
7,7,1804800,100%,raw-br-retired,"34,333",0.000553
7,7,1804800,100%,raw-br-return-retired,0,0.000553
7,7,1804800,100%,raw-br-return-spec,"2,490",0.000553
7,7,1804800,100%,raw-bus-access,"74,594",0.000553
7,7,1804800,100%,raw-bus-access-normal,0,0.000553
7,7,1804800,100%,raw-bus-access-not-shared,0,0.000544
7,7,1804800,100%,raw-bus-access-periph,0,0.000544
7,7,1804800,100%,raw-bus-access-rd,"34,995",0.000544
7,7,1804800,100%,raw-bus-access-shared,0,0.000544
7,7,1804800,100%,raw-bus-access-wr,"30,756",0.000544
7,7,1804800,100%,raw-bus-cycles,"310,969",0.000544
7,7,1804800,100%,raw-cid-write-retired,0,0.000529
7,7,1804800,100%,raw-cnt-cycles,0,0.000529
7,7,1804800,100%,raw-cpu-cycles,"311,875",0.000529
7,7,1804800,100%,raw-crypto-spec,0,0.000529
7,7,1804800,100%,raw-dmb-spec,688,0.000529
7,7,1804800,100%,raw-dp-spec,"145,105",0.000550
7,7,1804800,100%,raw-dsb-spec,49,0.000550
7,7,1804800,100%,raw-dtlb-walk,35,0.000550
7,7,1804800,100%,raw-exc-dabort,15,0.000550
7,7,1804800,100%,raw-exc-fiq,0,0.000550
7,7,1804800,100%,raw-exc-hvc,0,0.000550
7,7,1804800,100%,raw-exc-irq,0,0.000534
7,7,1804800,100%,raw-exc-pabort,5,0.000534
7,7,1804800,100%,raw-exc-return,28,0.000534
7,7,1804800,100%,raw-exc-smc,0,0.000534
7,7,1804800,100%,raw-exc-svc,8,0.000534
7,7,1804800,100%,raw-exc-taken,28,0.000534
7,7,1804800,100%,raw-exc-trap-dabort,0,0.000530
7,7,1804800,100%,raw-exc-trap-fiq,0,0.000530
7,7,1804800,100%,raw-exc-trap-irq,0,0.000530
7,7,1804800,100%,raw-exc-trap-other,0,0.000530
7,7,1804800,100%,raw-exc-trap-pabort,0,0.000530
7,7,1804800,100%,raw-exc-undef,1,0.000530
7,7,1804800,100%,raw-inst-retired,"186,764",0.000538
7,7,1804800,100%,raw-inst-spec,"310,377",0.000538
7,7,1804800,100%,raw-isb-spec,52,0.000538
7,7,1804800,100%,raw-itlb-walk,35,0.000538
7,7,1804800,100%,raw-l1d-cache,"75,794",0.000538
7,7,1804800,100%,raw-l1d-cache-allocate,0,0.000538
7,7,1804800,100%,raw-l1d-cache-inval,105,0.000545
7,7,1804800,100%,raw-l1d-cache-lmiss-rd,0,0.000545
7,7,1804800,100%,raw-l1d-cache-rd,"47,392",0.000545
7,7,1804800,100%,raw-l1d-cache-refill,"2,699",0.000545
7,7,1804800,100%,raw-l1d-cache-refill-inner,"2,092",0.000545
7,7,1804800,100%,raw-l1d-cache-refill-outer,607,0.000545
7,7,1804800,100%,raw-l1d-cache-refill-rd,"1,785",0.000530
7,7,1804800,100%,raw-l1d-cache-refill-wr,688,0.000530
7,7,1804800,100%,raw-l1d-cache-wb,"1,248",0.000530
7,7,1804800,100%,raw-l1d-cache-wb-clean,138,0.000530
7,7,1804800,100%,raw-l1d-cache-wb-victim,"1,110",0.000530
7,7,1804800,100%,raw-l1d-cache-wr,"27,664",0.000530
7,7,1804800,100%,raw-l1d-tlb,"99,367",0.000537
7,7,1804800,100%,raw-l1d-tlb-rd,"63,639",0.000537
7,7,1804800,100%,raw-l1d-tlb-refill,488,0.000537
7,7,1804800,100%,raw-l1d-tlb-refill-rd,415,0.000537
7,7,1804800,100%,raw-l1d-tlb-refill-wr,73,0.000537
7,7,1804800,100%,raw-l1d-tlb-wr,"35,728",0.000537
7,7,1804800,100%,raw-l1i-cache,"96,238",0.000545
7,7,1804800,100%,raw-l1i-cache-lmiss,0,0.000545
7,7,1804800,100%,raw-l1i-cache-refill,"8,481",0.000545
7,7,1804800,100%,raw-l1i-tlb,"97,828",0.000545
7,7,1804800,100%,raw-l1i-tlb-refill,54,0.000545
7,7,1804800,100%,raw-l2d-cache,"16,000",0.000545
7,7,1804800,100%,raw-l2d-cache-allocate,2,0.000554
7,7,1804800,100%,raw-l2d-cache-inval,5,0.000554
7,7,1804800,100%,raw-l2d-cache-lmiss-rd,0,0.000554
7,7,1804800,100%,raw-l2d-cache-rd,"11,828",0.000554
7,7,1804800,100%,raw-l2d-cache-refill,"6,932",0.000554
7,7,1804800,100%,raw-l2d-cache-refill-rd,"6,932",0.000554
7,7,1804800,100%,raw-l2d-cache-refill-wr,0,0.000547
7,7,1804800,100%,raw-l2d-cache-wb,"8,324",0.000547
7,7,1804800,100%,raw-l2d-cache-wb-clean,111,0.000547
7,7,1804800,100%,raw-l2d-cache-wb-victim,"8,213",0.000547
7,7,1804800,100%,raw-l2d-cache-wr,"4,181",0.000547
7,7,1804800,100%,raw-l2d-tlb,"1,072",0.000547
7,7,1804800,100%,raw-l2d-tlb-rd,855,0.000556
7,7,1804800,100%,raw-l2d-tlb-refill,64,0.000556
7,7,1804800,100%,raw-l2d-tlb-refill-rd,53,0.000556
7,7,1804800,100%,raw-l2d-tlb-refill-wr,11,0.000556
7,7,1804800,100%,raw-l2d-tlb-wr,179,0.000556
7,7,1804800,100%,raw-l2i-cache,0,0.000556
7,7,1804800,100%,raw-l2i-cache-lmiss,0,0.000555
7,7,1804800,100%,raw-l2i-cache-refill,0,0.000555
7,7,1804800,100%,raw-l2i-tlb,0,0.000555
7,7,1804800,100%,raw-l2i-tlb-refill,0,0.000555
7,7,1804800,100%,raw-l3d-cache,"20,432",0.000555
7,7,1804800,100%,raw-l3d-cache-allocate,"9,616",0.000555
7,7,1804800,100%,raw-l3d-cache-inval,0,0.000542
7,7,1804800,100%,raw-l3d-cache-lmiss-rd,0,0.000542
7,7,1804800,100%,raw-l3d-cache-rd,"9,455",0.000542
7,7,1804800,100%,raw-l3d-cache-refill,"4,836",0.000542
7,7,1804800,100%,raw-l3d-cache-refill-rd,0,0.000542
7,7,1804800,100%,raw-l3d-cache-refill-wr,0,0.000542
7,7,1804800,100%,raw-l3d-cache-wb,0,0.000542
7,7,1804800,100%,raw-l3d-cache-wb-clean,0,0.000542
7,7,1804800,100%,raw-l3d-cache-wb-victim,0,0.000542
7,7,1804800,100%,raw-l3d-cache-wr,0,0.000542
7,7,1804800,100%,raw-ld-retired,0,0.000542
7,7,1804800,100%,raw-ld-spec,"64,104",0.000542
7,7,1804800,100%,raw-ldrex-spec,81,0.000559
7,7,1804800,100%,raw-ldst-spec,0,0.000559
7,7,1804800,100%,raw-ll-cache,0,0.000559
7,7,1804800,100%,raw-ll-cache-miss,0,0.000559
7,7,1804800,100%,raw-ll-cache-miss-rd,"5,292",0.000559
7,7,1804800,100%,raw-ll-cache-rd,"9,548",0.000559
7,7,1804800,100%,raw-mem-access,"72,887",0.000557
7,7,1804800,100%,raw-mem-access-rd,"45,107",0.000557
7,7,1804800,100%,raw-mem-access-wr,"27,780",0.000557
7,7,1804800,100%,raw-memory-error,0,0.000557
7,7,1804800,100%,raw-op-retired,0,0.000557
7,7,1804800,100%,raw-op-spec,0,0.000557
7,7,1804800,100%,raw-pc-write-retired,0,0.000532
7,7,1804800,100%,raw-pc-write-spec,"20,544",0.000532
7,7,1804800,100%,raw-rc-ld-spec,"1,537",0.000532
7,7,1804800,100%,raw-rc-st-spec,"1,538",0.000532
7,7,1804800,100%,raw-remote-access,0,0.000532
7,7,1804800,100%,raw-remote-access-rd,0,0.000532
7,7,1804800,100%,raw-sample-collision,0,0.000529
7,7,1804800,100%,raw-sample-feed,0,0.000529
7,7,1804800,100%,raw-sample-filtrate,0,0.000529
7,7,1804800,100%,raw-sample-pop,0,0.000529
7,7,1804800,100%,raw-st-retired,0,0.000529
7,7,1804800,100%,raw-st-spec,"32,040",0.000529
7,7,1804800,100%,raw-stall,0,0.000541
7,7,1804800,100%,raw-stall-backend,"112,345",0.000541
7,7,1804800,100%,raw-stall-backend-mem,0,0.000541
7,7,1804800,100%,raw-stall-frontend,"112,760",0.000541
7,7,1804800,100%,raw-stall-slot,0,0.000541
7,7,1804800,100%,raw-stall-slot-backend,0,0.000541
7,7,1804800,100%,raw-stall-slot-frontend,0,0.000530
7,7,1804800,100%,raw-strex-fail-spec,0,0.000530
7,7,1804800,100%,raw-strex-pass-spec,76,0.000530
7,7,1804800,100%,raw-strex-spec,76,0.000530
7,7,1804800,100%,raw-sve-inst-retired,48,0.000530
7,7,1804800,100%,raw-sve-inst-spec,0,0.000530
7,7,1804800,100%,raw-sw-incr,0,0.000540
7,7,1804800,100%,raw-ttbr-write-retired,0,0.000540
7,7,1804800,100%,raw-unaligned-ld-spec,110,0.000540
7,7,1804800,100%,raw-unaligned-ldst-retired,0,0.000540
7,7,1804800,100%,raw-unaligned-ldst-spec,292,0.000540
7,7,1804800,100%,raw-unaligned-st-spec,182,0.000540
7,7,1804800,100%,raw-vfp-spec,0,0.000506
7,7,2841600,100%,raw-ase-spec,82,0.000413
7,7,2841600,100%,raw-br-immed-retired,0,0.000413
7,7,2841600,100%,raw-br-immed-spec,"35,961",0.000413
7,7,2841600,100%,raw-br-indirect-spec,"2,780",0.000413
7,7,2841600,100%,raw-br-mis-pred,"5,789",0.000413
7,7,2841600,100%,raw-br-mis-pred-retired,"4,339",0.000413
7,7,2841600,100%,raw-br-pred,"38,771",0.000398
7,7,2841600,100%,raw-br-retired,"34,328",0.000398
7,7,2841600,100%,raw-br-return-retired,0,0.000398
7,7,2841600,100%,raw-br-return-spec,"2,490",0.000398
7,7,2841600,100%,raw-bus-access,"70,740",0.000398
7,7,2841600,100%,raw-bus-access-normal,0,0.000398
7,7,2841600,100%,raw-bus-access-not-shared,0,0.000423
7,7,2841600,100%,raw-bus-access-periph,0,0.000423
7,7,2841600,100%,raw-bus-access-rd,"38,373",0.000423
7,7,2841600,100%,raw-bus-access-shared,0,0.000423
7,7,2841600,100%,raw-bus-access-wr,"35,690",0.000423
7,7,2841600,100%,raw-bus-cycles,"378,436",0.000423
7,7,2841600,100%,raw-cid-write-retired,0,0.000415
7,7,2841600,100%,raw-cnt-cycles,0,0.000415
7,7,2841600,100%,raw-cpu-cycles,"406,486",0.000415
7,7,2841600,100%,raw-crypto-spec,0,0.000415
7,7,2841600,100%,raw-dmb-spec,747,0.000415
7,7,2841600,100%,raw-dp-spec,"145,756",0.000401
7,7,2841600,100%,raw-dsb-spec,50,0.000401
7,7,2841600,100%,raw-dtlb-walk,45,0.000401
7,7,2841600,100%,raw-exc-dabort,15,0.000401
7,7,2841600,100%,raw-exc-fiq,0,0.000401
7,7,2841600,100%,raw-exc-hvc,0,0.000401
7,7,2841600,100%,raw-exc-irq,0,0.000398
7,7,2841600,100%,raw-exc-pabort,5,0.000398
7,7,2841600,100%,raw-exc-return,28,0.000398
7,7,2841600,100%,raw-exc-smc,0,0.000398
7,7,2841600,100%,raw-exc-svc,8,0.000398
7,7,2841600,100%,raw-exc-taken,28,0.000398
7,7,2841600,100%,raw-exc-trap-dabort,0,0.000403
7,7,2841600,100%,raw-exc-trap-fiq,0,0.000403
7,7,2841600,100%,raw-exc-trap-irq,0,0.000403
7,7,2841600,100%,raw-exc-trap-other,0,0.000403
7,7,2841600,100%,raw-exc-trap-pabort,0,0.000403
7,7,2841600,100%,raw-exc-undef,1,0.000403
7,7,2841600,100%,raw-inst-retired,"181,301",0.000403
7,7,2841600,100%,raw-inst-spec,"294,354",0.000403
7,7,2841600,100%,raw-isb-spec,37,0.000403
7,7,2841600,100%,raw-itlb-walk,37,0.000403
7,7,2841600,100%,raw-l1d-cache,"72,927",0.000403
7,7,2841600,100%,raw-l1d-cache-allocate,0,0.000403
7,7,2841600,100%,raw-l1d-cache-inval,91,0.000421
7,7,2841600,100%,raw-l1d-cache-lmiss-rd,0,0.000421
7,7,2841600,100%,raw-l1d-cache-rd,"45,670",0.000421
7,7,2841600,100%,raw-l1d-cache-refill,"2,450",0.000421
7,7,2841600,100%,raw-l1d-cache-refill-inner,"1,730",0.000421
7,7,2841600,100%,raw-l1d-cache-refill-outer,720,0.000421
7,7,2841600,100%,raw-l1d-cache-refill-rd,"1,708",0.000400
7,7,2841600,100%,raw-l1d-cache-refill-wr,701,0.000400
7,7,2841600,100%,raw-l1d-cache-wb,"1,241",0.000400
7,7,2841600,100%,raw-l1d-cache-wb-clean,105,0.000400
7,7,2841600,100%,raw-l1d-cache-wb-victim,"1,136",0.000400
7,7,2841600,100%,raw-l1d-cache-wr,"27,841",0.000400
7,7,2841600,100%,raw-l1d-tlb,"100,513",0.000398
7,7,2841600,100%,raw-l1d-tlb-rd,"63,262",0.000398
7,7,2841600,100%,raw-l1d-tlb-refill,461,0.000398
7,7,2841600,100%,raw-l1d-tlb-refill-rd,398,0.000398
7,7,2841600,100%,raw-l1d-tlb-refill-wr,63,0.000398
7,7,2841600,100%,raw-l1d-tlb-wr,"37,251",0.000398
7,7,2841600,100%,raw-l1i-cache,"96,324",0.000402
7,7,2841600,100%,raw-l1i-cache-lmiss,0,0.000402
7,7,2841600,100%,raw-l1i-cache-refill,"8,527",0.000402
7,7,2841600,100%,raw-l1i-tlb,"99,242",0.000402
7,7,2841600,100%,raw-l1i-tlb-refill,46,0.000402
7,7,2841600,100%,raw-l2d-cache,"16,018",0.000402
7,7,2841600,100%,raw-l2d-cache-allocate,0,0.000412
7,7,2841600,100%,raw-l2d-cache-inval,7,0.000412
7,7,2841600,100%,raw-l2d-cache-lmiss-rd,0,0.000412
7,7,2841600,100%,raw-l2d-cache-rd,"11,952",0.000412
7,7,2841600,100%,raw-l2d-cache-refill,"7,063",0.000412
7,7,2841600,100%,raw-l2d-cache-refill-rd,"7,063",0.000412
7,7,2841600,100%,raw-l2d-cache-refill-wr,0,0.000402
7,7,2841600,100%,raw-l2d-cache-wb,"8,685",0.000402
7,7,2841600,100%,raw-l2d-cache-wb-clean,7,0.000402
7,7,2841600,100%,raw-l2d-cache-wb-victim,"8,678",0.000402
7,7,2841600,100%,raw-l2d-cache-wr,"3,954",0.000402
7,7,2841600,100%,raw-l2d-tlb,"1,078",0.000402
7,7,2841600,100%,raw-l2d-tlb-rd,894,0.000416
7,7,2841600,100%,raw-l2d-tlb-refill,67,0.000416
7,7,2841600,100%,raw-l2d-tlb-refill-rd,56,0.000416
7,7,2841600,100%,raw-l2d-tlb-refill-wr,11,0.000416
7,7,2841600,100%,raw-l2d-tlb-wr,173,0.000416
7,7,2841600,100%,raw-l2i-cache,0,0.000416
7,7,2841600,100%,raw-l2i-cache-lmiss,0,0.000405
7,7,2841600,100%,raw-l2i-cache-refill,0,0.000405
7,7,2841600,100%,raw-l2i-tlb,0,0.000405
7,7,2841600,100%,raw-l2i-tlb-refill,0,0.000405
7,7,2841600,100%,raw-l3d-cache,"17,638",0.000405
7,7,2841600,100%,raw-l3d-cache-allocate,"8,380",0.000405
7,7,2841600,100%,raw-l3d-cache-inval,0,0.000423
7,7,2841600,100%,raw-l3d-cache-lmiss-rd,0,0.000423
7,7,2841600,100%,raw-l3d-cache-rd,"9,136",0.000423
7,7,2841600,100%,raw-l3d-cache-refill,"4,899",0.000423
7,7,2841600,100%,raw-l3d-cache-refill-rd,0,0.000423
7,7,2841600,100%,raw-l3d-cache-refill-wr,0,0.000423
7,7,2841600,100%,raw-l3d-cache-wb,0,0.000412
7,7,2841600,100%,raw-l3d-cache-wb-clean,0,0.000412
7,7,2841600,100%,raw-l3d-cache-wb-victim,0,0.000412
7,7,2841600,100%,raw-l3d-cache-wr,0,0.000412
7,7,2841600,100%,raw-ld-retired,0,0.000412
7,7,2841600,100%,raw-ld-spec,"67,283",0.000412
7,7,2841600,100%,raw-ldrex-spec,79,0.000396
7,7,2841600,100%,raw-ldst-spec,0,0.000396
7,7,2841600,100%,raw-ll-cache,0,0.000396
7,7,2841600,100%,raw-ll-cache-miss,0,0.000396
7,7,2841600,100%,raw-ll-cache-miss-rd,"4,236",0.000396
7,7,2841600,100%,raw-ll-cache-rd,"9,289",0.000396
7,7,2841600,100%,raw-mem-access,"73,081",0.000404
7,7,2841600,100%,raw-mem-access-rd,"45,236",0.000404
7,7,2841600,100%,raw-mem-access-wr,"27,845",0.000404
7,7,2841600,100%,raw-memory-error,0,0.000404
7,7,2841600,100%,raw-op-retired,0,0.000404
7,7,2841600,100%,raw-op-spec,0,0.000404
7,7,2841600,100%,raw-pc-write-retired,0,0.000403
7,7,2841600,100%,raw-pc-write-spec,"20,618",0.000403
7,7,2841600,100%,raw-rc-ld-spec,"1,560",0.000403
7,7,2841600,100%,raw-rc-st-spec,"1,550",0.000403
7,7,2841600,100%,raw-remote-access,0,0.000403
7,7,2841600,100%,raw-remote-access-rd,0,0.000403
7,7,2841600,100%,raw-sample-collision,0,0.000416
7,7,2841600,100%,raw-sample-feed,0,0.000416
7,7,2841600,100%,raw-sample-filtrate,0,0.000416
7,7,2841600,100%,raw-sample-pop,0,0.000416
7,7,2841600,100%,raw-st-retired,0,0.000416
7,7,2841600,100%,raw-st-spec,"32,152",0.000416
7,7,2841600,100%,raw-stall,0,0.000402
7,7,2841600,100%,raw-stall-backend,"140,992",0.000402
7,7,2841600,100%,raw-stall-backend-mem,0,0.000402
7,7,2841600,100%,raw-stall-frontend,"148,796",0.000402
7,7,2841600,100%,raw-stall-slot,0,0.000402
7,7,2841600,100%,raw-stall-slot-backend,0,0.000402
7,7,2841600,100%,raw-stall-slot-frontend,0,0.000423
7,7,2841600,100%,raw-strex-fail-spec,0,0.000423
7,7,2841600,100%,raw-strex-pass-spec,76,0.000423
7,7,2841600,100%,raw-strex-spec,76,0.000423
7,7,2841600,100%,raw-sve-inst-retired,46,0.000423
7,7,2841600,100%,raw-sve-inst-spec,0,0.000423
7,7,2841600,100%,raw-sw-incr,0,0.000401
7,7,2841600,100%,raw-ttbr-write-retired,0,0.000401
7,7,2841600,100%,raw-unaligned-ld-spec,111,0.000401
7,7,2841600,100%,raw-unaligned-ldst-retired,0,0.000401
7,7,2841600,100%,raw-unaligned-ldst-spec,272,0.000401
7,7,2841600,100%,raw-unaligned-st-spec,161,0.000401
7,7,2841600,100%,raw-vfp-spec,0,0.000419
